name,desciption,prix
"Barnabe,""Legal intervention involving baton, bystander injured, init"",$2.96"
"Freddy,""Nondisp Rolando's fx, unsp hand, subs for fx w malunion"",$9.88"
"Karin,""Laceration of blood vessels at ank/ft level, left leg, subs"",$5.95"
Wylie,Intraductal carcinoma in situ of breast,$3.24
"Adrianna,""Malig neoplm of prph nerves of unsp upper limb, inc shoulder"",$9.12"
"Wilmer,""Post-traumatic osteoarthritis, wrist"",$6.40"
Halley,Malignant neoplasm of esophagus,$4.52
"Clayton,""Balloon collision injuring occupant, subsequent encounter"",$3.72"
"Amelina,""Unspecified sprain of left wrist, initial encounter"",$2.16"
"Obadias,""Contusion of lower back and pelvis, initial encounter"",$8.13"
"Agace,""Underdosing of beta-adrenoreceptor antagonists, subs encntr"",$5.71"
"Neron,""Disp fx of med malleolus of r tibia, 7thJ"",$8.44"
"Mirna,""Skeletal fluorosis, unspecified lower leg"",$1.65"
"Rufus,""Unsp fx low end l tibia, subs for opn fx type I/2 w nonunion"",$4.93"
Carlina,Accessory lobe of lung,$9.08
Kara,Open bite of scrotum and testes,$1.87
"Huberto,""Other physeal fracture of right calcaneus, 7thD"",$1.38"
"Eba,""Nondisp fx of sternal end unsp clavicle, 7thP"",$1.93"
"Ely,""Fracture of unspecified carpal bone, left wrist, sequela"",$6.82"
"Judye,""Retinal micro-aneurysms, unspecified, unspecified eye"",$1.76"
"Dorotea,""Struck by baseball, subsequent encounter"",$6.61"
Alane,Unsp non-institutional (private) residence as place,$2.23
"Wittie,""Iliac crest spur, left hip"",$6.25"
"Torey,""Displ longitud fx l patella, subs for clos fx w delay heal"",$4.31"
"Rooney,""Drug-induced chronic gout, right shoulder, without tophus"",$0.61"
"Mile,""Breakdown (mechanical) of bone devices, implants and grafts"",$3.06"
Eunice,Other complications of heart-lung transplant,$10.00
"Orsa,""Other juvenile arthritis, right hip"",$7.66"
"Misty,""Sprain of posterior cruciate ligament of right knee, subs"",$4.81"
Alberik,Fx tib/fib following insrt ortho implnt/prosth/bone plt,$8.44
"Gena,""Self-harm by oth larger firearm discharge, sequela"",$7.01"
"Meredith,""Displ pilon fx l tibia, 7thF"",$5.42"
"Hort,""Ophthalmia nodosa, right eye"",$2.21"
"Huntington,""Inj long flexor musc/fasc/tend r thm at wrs/hnd lv, sequela"",$3.10"
Waite,Adverse effect of penicillins,$6.80
"Rodina,""Unsp disp fx of seventh cervical vertebra, init for clos fx"",$2.33"
"Shannah,""Subluxation of unsp interphaln joint of right thumb, subs"",$4.18"
"Shayla,""Lacerat flexor musc/fasc/tend l mid fngr at forarm lv, sqla"",$4.53"
"Abra,""Poisoning by ganglionic blocking drugs, undetermined, subs"",$4.22"
"Dona,""Nondisp oblique fx shaft of l tibia, 7thK"",$2.40"
"Aurilia,""Corros 1st deg mult sites of unsp low limb, ex ank/ft, init"",$7.72"
Nancie,Unspecified fracture of shaft of unspecified tibia,$9.81
"Demetris,""Other hypertrophic osteoarthropathy, right ankle and foot"",$9.76"
Stanly,Other endophthalmitis,$0.49
"Ulrick,""Injury of trochlear nerve, left side, sequela"",$7.23"
"Avigdor,""Rheumatoid bursitis, unspecified site"",$1.49"
"Zita,""Poisoning by otorhino drugs and preparations, undetermined"",$3.69"
"Chiarra,""Unsp mtrcy rider injured in clsn w ped/anml nontraf, init"",$8.83"
"Leonhard,""Nondisp fx of med phalanx of r mid fngr, 7thK"",$8.49"
"Kareem,""Laceration of blood vessels at forarm lv, right arm, sequela"",$5.30"
Sara,Chronic pulmonary histoplasmosis capsulati,$2.79
"Anastasie,""Burn w resulting rupture and dest of unsp eyeball, init"",$3.23"
Dorree,Myopathy due to other toxic agents,$0.10
Jaquelyn,Corrosion of third degree of wrist and hand,$6.67
"Anabal,""Pnctr w fb of pharynx and cervical esophagus, sequela"",$4.00"
Lon,NIHSS score 10-19,$7.82
"Dianna,""Ped on sktbrd injured in collision w pedl cyc in traf, subs"",$8.89"
"Mill,""Unsp fx shaft of left ulna, init for opn fx type 3A/B/C"",$5.51"
"Alexandrina,""Exposure of other implanted mesh into organ or tissue, subs"",$0.14"
"Flory,""Complete lesion at C3 level of cervical spinal cord, subs"",$9.57"
"Ruddie,""Corrosion of unsp deg mult sites of right ank/ft, init"",$5.75"
"Elbertina,""Contusion of descending [left] colon, initial encounter"",$4.83"
Kerwin,Crushing injury of unspecified toe(s),$3.79
"Rosalinda,""Other superficial bite of right thumb, sequela"",$9.82"
"Georgie,""Insect bite (nonvenomous) of right wrist, subs encntr"",$7.50"
"Kiah,""War operations involving oth fire/hot subst, milt, sequela"",$1.46"
Chandra,Other fracture of upper end of right tibia,$2.61
"Hervey,""Sltr-haris Type I physl fx upr end rad, r arm, 7thP"",$1.04"
"Zacharie,""Lacerat musc/tend ant grp at low leg level, right leg, sqla"",$1.26"
"Lorrie,""Burn of unsp degree of female genital region, init encntr"",$2.61"
"Roscoe,""Displ transverse fx shaft of l fibula, 7thC"",$6.76"
"Virginia,""Type 1 fracture of sacrum, init encntr for closed fracture"",$3.76"
"Jacquelyn,""Sltr-haris Type III physeal fx lower end of l femur, sequela"",$3.79"
"Tara,""Poisn by local antifung/infect/inflamm drugs, slf-hrm, init"",$1.00"
"Hiram,""Assault by being hit or run over by motor vehicle, init"",$1.35"
"Pedro,""Contus/lac/hem brainstem w/o loss of consciousness, init"",$1.37"
"Maible,""War operations involving flamethrower, milt, sequela"",$1.79"
"Even,""Bent bone of r rad, subs for opn fx type 3A/B/C w delay heal"",$4.96"
"Conny,""Path fx in neopltc disease, oth site, subs for fx w nonunion"",$9.97"
"Robby,""Erosion of implanted urtl bulk agnt organ or tissue, sequela"",$2.62"
Lucinda,Other functional intestinal disorders,$8.98
Tracee,Acute embolism and thrombosis of deep veins of r up extrem,$5.52
Violetta,Disorders of purine and pyrimidine metabolism,$9.42
Teddie,Osteitis deformans of left forearm,$5.11
"Ware,""Unspecified aircraft accident injuring occupant, init encntr"",$0.82"
"Thomasa,""Oth nondisp fx of upper end l humer, subs for fx w malunion"",$6.70"
"Pen,""Kaschin-Beck disease, right ankle and foot"",$4.34"
Ruddie,Other specified injury of left renal vein,$3.37
"Cristionna,""Unspecified physeal fracture of right metatarsal, 7thG"",$2.31"
Falkner,Unspecified fracture of unspecified femur,$8.71
"Marney,""Complete placenta previa NOS or without hemor, third tri"",$0.96"
Auria,Vibratory urticaria,$9.80
Karisa,Age-related reticular degeneration of retina,$4.46
"Orelee,""Mech compl of surgically created arteriovenous shunt, init"",$1.58"
"Urbain,""Oth fx shaft of rad, unsp arm, subs for clos fx w nonunion"",$2.13"
"Ranna,""Sltr-haris Type III physeal fx unsp calcaneus, sequela"",$3.84"
Mandi,Trichomoniasis of other sites,$6.63
"Smitty,""Idiopathic gout, hand"",$7.77"
"Meredithe,""Personal history of comp of preg, chldbrth and the puerp"",$7.34"
"Corny,""Placenta accreta, first trimester"",$8.02"
"Dara,""Superficial foreign body, left foot"",$4.43"
"Osmond,""Mild laceration of heart with hemopericardium, init encntr"",$9.28"
"Dewie,""Oth malignant neoplasm skin/ unsp lower limb, including hip"",$0.01"
"Sarine,""Path fx in neopltc dis, r shldr, subs for fx w routn heal"",$8.83"
"Basilio,""Unsp athscl autologous vein bypass of the extrm, left leg"",$4.30"
Flemming,Other vascular disorders of intestine,$0.86
"Mollee,""Poisoning by antimycobacterial drugs, intentional self-harm"",$4.19"
"Bondy,""Chronic giant papillary conjunctivitis, unspecified eye"",$0.39"
Manon,Fracture of hook process of hamate [unciform] bone,$7.15
"Launce,""Poisn by antiparkns drug/centr musc-tone depr, acc, subs"",$5.38"
"Uriah,""Other infective bursitis, right elbow"",$2.19"
Lorelle,Unstable burst fracture of fifth lumbar vertebra,$8.41
"Jillian,""Nondisp fx of lateral condyle of l humer, 7thK"",$7.02"
Kylila,Corrosion of first degree of unspecified palm,$5.32
"Avrom,""Staphylococcal arthritis, unspecified joint"",$8.46"
"Agnes,""Prsn brd/alit mtrcy injured in collision w ped/anml, init"",$2.62"
"Jamison,""Poisoning by oth antidepressants, self-harm, init"",$9.30"
"Kameko,""Occup of pk-up/van inj in clsn w statnry obj in traf, init"",$3.18"
"Sterne,""Poisoning by insulin and oral hypoglycemic drugs, assault"",$0.40"
"Verney,""Unspecified open wound, left foot"",$7.37"
"Wilma,""Unsp inj flxr musc/fasc/tend r rng fngr at wrs/hnd lv, subs"",$5.82"
"Briana,""Poisn by cardi-stim glycos/drug simlar act, assault, subs"",$5.04"
Arel,Unspecified subluxation of unspecified radial head,$8.81
"Dani,""Person inj wh brd/alit from special industr vehicle, subs"",$9.45"
"Cinderella,""Unsp fx shaft of unsp femr, 7thN"",$6.94"
Mavis,Undue concern and preoccupation with stressful events,$5.37
"Ashly,""Nondisp fx of lateral condyle of unspecified tibia, sequela"",$2.49"
"Vassily,""Contusion of unspecified shoulder, sequela"",$2.40"
Hilary,Inj unsp blood vessel at shoulder and upper arm level,$5.64
"Farlie,""Displ oblique fx shaft of l femr, 7thM"",$2.57"
"Fran,""Inj flexor musc/fasc/tend r mid finger at forarm lv, init"",$6.18"
"Lezley,""Driver injured in collision w unsp mv nontraf, init"",$5.85"
Cathi,Laceration of unsp musc/fasc/tend at wrist and hand level,$5.65
"Ripley,""Assault by oth gas, air or spring-operated gun, init encntr"",$3.97"
"Pavla,""Complete traumatic amputation of scrotum and testis, sequela"",$1.34"
Mitzi,Drowning and submersion due to merchant ship sinking,$3.87
"Grange,""Inj flexor musc/fasc/tend l little finger at forarm lv, sqla"",$2.39"
"Delbert,""Displ commnt fx shaft of unsp fibula, 7thC"",$2.53"
"Anetta,""Unsp daycare provider, perpetrator of maltreat and neglect"",$0.09"
"Husein,""Other placental disorders, first trimester"",$0.97"
Joane,Driver of special construction vehicle injured nontraf,$8.74
"Dirk,""Spondylolisthesis, cervical region"",$9.15"
"Emelita,""Disp fx of coronoid pro of r ulna, 7thF"",$0.08"
Linette,Corrosion of unsp deg mult sites of unsp wrist and hand,$1.89
Junia,Mastitis without abscess,$0.80
Ninon,Other histiocytosis syndromes,$9.16
"Matthew,""Nondisplaced apophyseal fracture of left femur, sequela"",$1.73"
"Dorena,""Displacement of electronic bone stimulator, subs encntr"",$5.06"
Matilde,Minor laceration of pancreas,$9.96
"Mile,""Unsp physl fx upper end of l fibula, subs for fx w malunion"",$2.61"
"Leonard,""Oth fx second metacarpal bone, right hand, init for opn fx"",$1.32"
"Verla,""Lac w/o fb of abd wall, unsp q w/o penet perit cav, subs"",$1.42"
Odille,Encounter for oth general cnsl and advice on contraception,$1.11
"Bessy,""Poisn by unsp hormones and synthetic sub, self-harm, sequela"",$5.96"
"Brnaba,""Subluxation of MCP joint of left index finger, subs"",$3.04"
Lauritz,Cerebral atherosclerosis,$4.60
"Deirdre,""Zygomatic fracture, left side, sequela"",$5.95"
"Becka,""Excessive weight gain in pregnancy, unspecified trimester"",$5.28"
Kirsti,Sprain of metacarpophalangeal joint of right middle finger,$2.16
Adrianna,Abn histolog findings in specmn from male genital organs,$8.28
"Dorrie,""Pnctr of abd wall w fb, left low q w/o penet perit cav, sqla"",$2.56"
Caresse,Corrosion of unspecified degree of unspecified lower leg,$1.63
"Pierrette,""Chronic atticoantral suppurative otitis media, bilateral"",$3.53"
"Eugen,""Nondisp fx of mid 3rd of navic bone of l wrs, 7thK"",$9.65"
"Konstance,""Newborn light for gestational age, 1750-1999 grams"",$0.16"
"Nevile,""Partial traumatic amputation of right breast, init encntr"",$3.53"
"Jenda,""Complete traumatic transmetcrpl amp of unsp hand, subs"",$9.85"
"Dodi,""Other specified disorders of synovium and tendon, knee"",$1.88"
Sheilah,Holiday relief care,$3.74
Delilah,Presence of right artificial hip joint,$9.81
"Laryssa,""Other psychoactive substance dependence, in remission"",$1.13"
"Tallie,""Unsp comp of anesthesia during pregnancy, first trimester"",$6.65"
"Norton,""Focal chorioretinal inflammation of posterior pole, unsp eye"",$7.10"
Charo,Other fall on same level,$6.83
"Ashlen,""Sltr-haris Type III physeal fx unspecified metatarsal, 7thG"",$3.49"
"Agathe,""Neoplasm of uncertain behavior of respiratory organ, unsp"",$3.57"
"Chev,""Acute ethmoidal sinusitis, unspecified"",$4.36"
"Jody,""Other fracture of right patella, sequela"",$10.00"
"Shel,""Toxic eff of organophos and carbamate insect, slf-hrm, subs"",$4.28"
"Emelia,""Lacerat unsp musc/fasc/tend at wrs/hnd lv, right hand, subs"",$4.33"
"Jack,""Subacute osteomyelitis, unspecified shoulder"",$6.48"
"Britta,""Poisoning by macrolides, undetermined, sequela"",$3.55"
Culley,Accidental pnctr & lac of a respiratory system org dur proc,$1.38
"Valene,""Burn of unsp degree of shldr/up lmb, except wrist and hand"",$7.64"
"Dorine,""Disp fx of coracoid process, unspecified shoulder, sequela"",$0.42"
Peter,Laceration without foreign body of unsp part of thorax,$3.19
"Chloris,""Twin pregnancy, monochorionic/diamniotic"",$0.79"
"Rhonda,""Nicotine dependence, cigarettes, with withdrawal"",$2.41"
"Berenice,""Superficial foreign body of right index finger, subs encntr"",$3.47"
Chane,Oth soft tissue disord related to use/pressure of unsp site,$8.95
"Fredrick,""Corrosion of unsp degree of unsp hand, unsp site, init"",$5.23"
Mirabella,Unsp car occupant injured in collision w ped/anml in traf,$3.18
Eulalie,Sprain of unspecified sternoclavicular joint,$9.20
"Heloise,""Unsp injury of muscle, fascia and tendon at neck level"",$0.25"
"Sela,""Nondisp fx of greater tuberosity of r humer, 7thP"",$9.00"
"Frederigo,""Nondisp artic fx head of unsp femr, init for opn fx type I/2"",$3.52"
"Lilia,""Sltr-haris Type I physl fx low end unsp femr, 7thP"",$7.90"
"Jamie,""Ped on rolr-skt injured in clsn w pedl cyc in traf, sequela"",$2.80"
"Aloysius,""Unsp injury of musc/fasc/tend at thi lev, unsp thigh, init"",$0.55"
"Matty,""Other bursitis of elbow, unspecified elbow"",$2.12"
Heath,Antiphospholipid syndrome,$1.91
Arlinda,Nonbullous erythema multiforme,$6.09
Sella,Congenital shortening of left upper limb,$3.37
"Modesty,""Collapsed vert, NEC, cervicothor rgn, 7thG"",$5.82"
Keir,Myocardial degeneration,$3.47
Dale,Puncture wound w foreign body of left cheek and TMJ area,$0.39
"Saudra,""Oth fracture of base of skull, subs for fx w nonunion"",$7.30"
Farrah,Strain of musc/tend anterior muscle group at lower leg level,$9.72
Dun,Drug/chem diabetes mellitus w hypoglycemia w coma,$8.36
"Rosette,""Displaced avulsion fracture of left ilium, init for opn fx"",$1.82"
"Starr,""Abrasion, right lower leg"",$7.27"
"Sam,""Severely displaced Zone III fracture of sacrum, init"",$5.22"
"Thane,""Peripheral corneal degeneration, right eye"",$9.10"
"Darice,""Displ Maisonneuve's fx l leg, subs for clos fx w routn heal"",$7.84"
"Amory,""Burn of unspecified degree of left thigh, initial encounter"",$8.55"
Kalindi,Malignant neoplasm of other connective and soft tissue,$0.03
Eldon,Unspecified subluxation of left patella,$8.37
"Sheffie,""Other specified crystal arthropathies, hand"",$4.26"
"Mersey,""Periprosth osteolys of internal prosth l knee jt, sequela"",$1.35"
Woodman,Displacement of internal fixation device of left femur,$4.53
"Lizzie,""Lacerat unsp musc/fasc/tend at forarm lv, right arm, subs"",$9.39"
Aubert,Drowning and submersion due to unsp watercraft sinking,$7.77
"Dian,""Asphyxiation due to hanging, assault, sequela"",$5.37"
Gifford,Ocular albinism,$5.73
Tess,Acute serous otitis media,$6.47
"Atalanta,""Displ oblique fx shaft of unsp ulna, 7thG"",$2.15"
"Livia,""Unsp injury of right internal jugular vein, subs encntr"",$2.61"
"Frederick,""Toxic effect of unsp inorganic substance, accidental"",$5.48"
"Johannah,""Poisoning by dental drugs, topically applied, acc, subs"",$3.18"
"Debby,""Toxic effect of unspecified spider venom, assault"",$4.73"
"Meyer,""Laceration with foreign body of vocal cord, sequela"",$1.68"
Kori,Bicondylar fracture of tibia,$9.18
"Engracia,""Inj muscle, fascia and tendon of triceps, right arm, init"",$8.53"
Edna,Other and unspecified superficial injuries of throat,$2.97
"Maxie,""Anorexia nervosa, binge eating/purging type"",$1.13"
Bobby,Pilonidal cyst and sinus with abscess,$3.75
"Janith,""Transient synovitis, left shoulder"",$7.28"
"Allene,""Blister (nonthermal) of left elbow, subsequent encounter"",$0.03"
"Tedie,""Nondisp fx of trapezium, left wrist, init for opn fx"",$8.33"
Margot,Malignant neoplasm of acoustic nerve,$9.94
"Berky,""Adverse effect of propionic acid derivatives, init encntr"",$0.65"
"Elizabeth,""Unsp intracranial injury w LOC of 6 hours to 24 hours, subs"",$4.42"
"Candy,""Abrasion, left great toe, subsequent encounter"",$6.14"
"Waneta,""Laceration of posterior tibial artery, left leg, subs encntr"",$4.92"
"Pammy,""Person outside pk-up/van inj in clsn w hv veh in traf, subs"",$1.11"
Dara,Congenital methemoglobinemia,$2.32
Eal,Other congenital malformations of musculoskeletal system,$1.31
"Karl,""Lacerat msl/tnd lng extn msl toe at ank/ft lev, l foot, subs"",$3.40"
Rollin,Post-transplant lymphoproliferative disorder (PTLD),$7.67
Astrix,Person on outside of military vehicle injured in traf,$6.65
Wilie,Other birth injuries to scalp,$0.46
"Theda,""Unsp injury of inferior mesenteric artery, init encntr"",$2.72"
Dorette,Unsp complication of skin graft (allograft) (autograft),$9.07
"Felice,""Decreased fetal movements, unspecified trimester, fetus 3"",$0.08"
Kin,Physeal fracture of upper end of tibia,$0.83
"Hi,""Disp fx of greater trochanter of unsp femr, 7thJ"",$7.32"
"Felice,""Lacerat unsp musc/tend at lower leg level, right leg, subs"",$9.67"
"Katie,""Nondisp fx of shaft of oth metacarpal bone, init for clos fx"",$9.81"
"Nikolaos,""Changes in retinal vascular appearance, bilateral"",$7.46"
"Catharina,""Acute maxillary sinusitis, unspecified"",$1.43"
"Carilyn,""Oth comp of spinal and epidur anesth during preg, first tri"",$8.38"
Curry,Dislocation of other parts of right shoulder girdle,$4.08
"Charlie,""Brown-Sequard synd at unsp level of thor spinal cord, sqla"",$6.77"
"Clo,""Subluxation of tarsal joint of unspecified foot, init encntr"",$1.29"
"Hort,""Partial traumatic MCP amputation of thmb, sequela"",$4.04"
"Tiffi,""Toxic effect of zinc and its compounds, assault, init encntr"",$6.08"
"Guillermo,""Sprain of unsp cruciate ligament of left knee, init encntr"",$9.05"
Amie,Occlusion and stenosis of unsp anterior cerebral artery,$0.39
"Gennifer,""Disp fx of olecran pro w intartic extn right ulna, sequela"",$8.20"
"Rochella,""Postural lordosis, lumbar region"",$1.76"
"Lane,""Corrosions of right ear drum, initial encounter"",$6.24"
"Reggis,""Partial traumatic amputation of right breast, init encntr"",$4.86"
"Bernete,""Other ossification of muscle, left ankle and foot"",$8.78"
"Wendel,""Diffuse folicl center lymph, nodes of head, face, and neck"",$6.17"
Fidelia,Unspecified injury of cervical spinal cord,$8.00
"Payton,""Unsp injury of musc/fasc/tend prt biceps, left arm"",$7.55"
"Rasia,""Chronic perichondritis of external ear, unspecified ear"",$2.46"
"Boot,""Juvenile myoclonic epilepsy, intractable, w stat epi"",$4.32"
Renie,Vestibular neuronitis,$6.38
"Adamo,""Abrasion, unspecified hip, sequela"",$2.19"
"Myrtie,""Insect bite (nonvenomous) of unspecified thumb, init encntr"",$5.23"
Gail,Proc/trtmt not crd out bec pt decision for oth reasons,$7.63
"Preston,""Attic perforation of tympanic membrane, unspecified ear"",$1.98"
"Oriana,""Matern care for or susp placntl insuff, third tri, fts3"",$0.71"
Kin,Idiopathic aseptic necrosis of unspecified carpus,$5.48
Fleming,Fracture of unspecified phalanx of left thumb,$4.44
Marion,Phlebitis and thrombophlebitis of right iliac vein,$4.83
Christen,Acute embolism and thrombosis of superior vena cava,$5.43
"Stepha,""Insect bite (nonvenomous) of left upper arm, init encntr"",$1.81"
"Spence,""Strain of unsp musc/fasc/tend at thi lev, left thigh, subs"",$5.26"
"Estele,""Sprain of calcaneofibular ligament of unsp ankle, subs"",$7.42"
Marlin,Spacecraft collision injuring occupant,$4.42
"Arch,""Adhes due to fb acc left in body fol oth procedure, sequela"",$7.47"
"Hyacinth,""Poisoning by methylphenidate, undetermined, subs encntr"",$8.39"
Katharina,Antepartum hemorrhage with afibrinogenemia,$3.54
"Luther,""Wedge compression fracture of T9-T10 vertebra, init"",$6.83"
"Ricki,""Toxic effect of zinc and its compounds, accidental, init"",$4.43"
"Konstance,""War op involving fragmt of improv explosv device, civilian"",$6.11"
"Tally,""Trp preg, unable to dtrm num plcnta & amnio sacs, third tri"",$9.48"
"Drusy,""Unsp superficial injury of right lower leg, subs encntr"",$9.67"
"Mervin,""Nondisp fx of greater trochanter of unsp femr, 7thD"",$6.37"
Kassi,Idio sleep related nonobstructive alveolar hypoventilation,$9.62
Brande,Unspecified superficial injury of left index finger,$8.16
"Duff,""Laceration w fb of unsp great toe w/o damage to nail, subs"",$3.40"
"Nappy,""Incarcerated fx of med epicondyl of l humer, 7thG"",$4.62"
"Alphonse,""Subluxation of interphaln joint of right great toe, sequela"",$3.35"
Wendie,Oth rheumatoid arthritis w rheumatoid factor of right wrist,$9.56
Adelind,Physeal fracture of phalanx of toe,$2.47
Alexi,Deformity of orbit,$0.31
"Nelson,""Pasngr in 3-whl mv inj in clsn w 2/3-whl mv nontraf, subs"",$6.85"
"Mathe,""Laceration of musc/fasc/tend at shldr/up arm, unsp arm, init"",$6.49"
"Mirilla,""Other superficial bite of right ear, subsequent encounter"",$5.56"
"Godiva,""Displ transverse fx shaft of l femr, 7thE"",$6.76"
"Sharleen,""Burn of first degree of chest wall, initial encounter"",$8.09"
"Jacenta,""Nondisp fx of lateral condyle of r femr, 7thN"",$1.03"
"Melodie,""Myopathy of extraocular muscles, left orbit"",$9.15"
"Joachim,""Other specified bursopathies, right wrist"",$2.28"
Krisha,Chediak-Higashi syndrome,$6.51
Corilla,Actinic reticuloid,$7.17
Davidson,Corrosion of second degree of unspecified ear,$2.28
"Sherwood,""Abrasion of unspecified forearm, sequela"",$9.30"
"Marice,""Poisoning by succinimides and oxazolidinediones, acc, subs"",$6.14"
"Mart,""Fx condylar process of mandible, unspecified side, init"",$1.14"
"Madelina,""Rupture of uterus before onset of labor, third trimester"",$4.67"
"Rosene,""Sltr-haris Type II physl fx low end ulna, unsp arm, 7thP"",$0.12"
Jonah,Tuberculous iridocyclitis,$6.34
"Marjie,""Occ of rail trn/veh injured by fall in rail trn/veh, sequela"",$4.76"
"Cleve,""Proteinuria, unspecified"",$2.31"
"Greg,""Unsp fx shaft of left radius, init for opn fx type 3A/B/C"",$2.95"
Lindie,Cognitive social or emo def following unsp cerebvasc disease,$3.99
"Nehemiah,""Exposure to welding light (arc), sequela"",$7.79"
"Dun,""Other embolism in pregnancy, first trimester"",$5.79"
Elena,Personal history of malignant neoplasm of testis,$8.41
"Lisabeth,""Nondisp fx of head of l rad, 7thE"",$1.12"
Gayle,Abnlt in fetal heart rate and rhythm comp labor and delivery,$2.96
"Farrand,""Low lying placenta NOS or without hemor, first trimester"",$4.62"
"Hazel,""Toxic effect of chromium and its compounds, undet, subs"",$1.57"
"Sandy,""Stress fracture, right hand"",$7.66"
Lewie,Other intraarticular fracture of lower end of unsp radius,$9.60
Holden,Osteomyelitis of orbit,$1.64
"Melonie,""Puncture wound without foreign body, left knee, subs encntr"",$1.22"
"Erek,""Lymphoid leukemia, unspecified not having achieved remission"",$9.63"
"Zollie,""Fall from sled, initial encounter"",$9.70"
"Nicolette,""Pasngr in 3-whl mv inj in clsn w rail trn/veh nontraf, init"",$8.54"
"Olivia,""Poisoning by oth psychotropic drugs, accidental, subs"",$7.49"
"Doria,""Nondisp longitud fx l patella, 7thR"",$2.57"
Imogene,Postural (urinary) incontinence,$2.46
Immanuel,Other specified mononeuropathies of right upper limb,$7.77
"Fanechka,""Displ commnt fx shaft of r femr, 7thG"",$3.62"
"Robena,""Unspecified cataclysmic storm, subsequent encounter"",$4.72"
"Yancey,""Corros 1st deg mult sites of shldr/up lmb, ex wrs/hnd, init"",$0.15"
"Druci,""Unsp mtrcy rider injured in clsn w unsp mv in traf, init"",$9.74"
"Herculie,""Occup of bus injured in collision w ped/anml in traf, init"",$8.51"
"Honey,""Corrosion of first degree of lower back, initial encounter"",$7.57"
"Estell,""Oth fracture of l low leg, subs for clos fx w routn heal"",$3.20"
Ody,Encounter for fitting and adjustment of artificial arm,$4.20
Belle,Rheumatoid myopathy w rheumatoid arthritis of right ank/ft,$7.93
"Fraze,""Injury of peroneal nerve at lower leg level, unsp leg, subs"",$4.66"
"Alfy,""Corrosion of first degree of right thigh, sequela"",$7.00"
"Osmond,""Immersion foot, unspecified foot, sequela"",$1.27"
"Arlen,""Burn due to (nonpowered) inflatable craft on fire, sequela"",$0.43"
"Candace,""Spacecraft crash injuring occupant, sequela"",$0.46"
Philis,Other obstetric injury to pelvic organs,$5.46
"Muhammad,""Person injured in clsn betw car and bus, nontraf, sequela"",$0.15"
"Valentijn,""Unspecified injury of unspecified foot, subsequent encounter"",$5.22"
"Tatum,""Separation of muscle (nontraumatic), other site"",$4.93"
"Bevan,""Osteoarthritis of first carpometacarpal joint, unspecified"",$6.32"
"Gwenneth,""Undrdose of pertussis vaccine, inc combin w pertuss, sequela"",$9.38"
"Alvan,""Presence of artificial arms, bilateral (complete) (partial)"",$7.82"
Doyle,Corrosion of second degree of unspecified thumb (nail),$8.25
"Viva,""Nondisp unsp condyle fx low end unsp femr, 7thK"",$5.30"
Celinda,Other disorders of cornea,$7.52
"Roseanna,""Strain intrns musc/fasc/tend r lit fngr at wrs/hnd lv, subs"",$0.01"
Ambrosi,Dislocation of C1/C2 cervical vertebrae,$0.92
"Claresta,""Other acute osteomyelitis, unspecified shoulder"",$6.63"
"Benn,""Military operations involving incendiary bullet, civilian"",$4.63"
"Merwin,""War operations involving oth conventional warfare, milt"",$4.14"
Dulsea,Nondisplaced bicondylar fracture of right tibia,$5.50
"Tina,""Laceration of head of pancreas, unspecified degree"",$6.81"
"Breena,""Small cell B-cell lymphoma, intrathoracic lymph nodes"",$8.90"
"Kirbee,""Nondisp suprcndl fx w intrcndl extn low end r femr, 7thC"",$9.14"
"Ashli,""Legal intervnt involving oth explosv, suspect injured, init"",$0.60"
Katuscha,Hemiplga fol unsp cerebvasc disease aff right nondom side,$9.63
"Isidro,""Pathological fracture, left finger(s)"",$7.47"
"Nellie,""Nondisp avuls fx (chip fracture) of right talus, sequela"",$9.76"
Ham,Activities w oth sports & athletics played as a team or grp,$6.13
"Farlay,""Dislocation of T5/T6 thoracic vertebra, sequela"",$6.23"
Isa,Acute dacryocystitis of unspecified lacrimal passage,$6.38
"Mag,""Partial traumatic amputation at knee level, l low leg, init"",$4.72"
"Jacobo,""Fx unsp part of neck of r femur, subs for clos fx w malunion"",$5.22"
"Carena,""Contracture, hand"",$3.13"
"Kordula,""Congenital occlusion of ureter, unspecified"",$9.48"
Yetta,Congenital absence of upper arm and forearm w hand present,$0.68
"Augy,""Age-rel osteopor w current path fx, unsp forearm, sequela"",$7.17"
Carrol,Vaginismus not due to a substance or known physiol condition,$5.44
Carroll,Encounter for attention to colostomy,$7.37
"Estele,""Crushing injury of unspecified wrist, subsequent encounter"",$0.46"
"Duke,""Strain of extensor musc/fasc/tend l thm at wrs/hnd lv, subs"",$8.81"
"Hakeem,""Corrosion of first degree of unsp shoulder, init encntr"",$8.54"
"Gladys,""Acute bronchitis, unspecified"",$3.53"
"Claresta,""Blister (nonthermal) of scrotum and testes, init encntr"",$6.47"
Eddy,Sprain of sacroiliac joint,$7.40
"Bron,""Nondisp fx of med condyle of l tibia, 7thJ"",$5.80"
"Gwen,""Poisoning by tricyclic antidepressants, self-harm"",$5.19"
"Odelia,""Corrosion of third degree of unspecified axilla, subs encntr"",$1.13"
"Leonard,""Pnctr w foreign body of right cheek and TMJ area, subs"",$8.66"
"Felice,""Corros 3rd deg mu right fngr (nail), not inc thumb, sequela"",$4.09"
"Byran,""Terrorism involving firearms, civilian injured, init encntr"",$1.95"
Joelle,Fracture of unspecified phalanx of left thumb,$9.23
"Galina,""Nondisp commnt fx shaft of r tibia, init for opn fx type I/2"",$1.20"
"Siusan,""Drown due to being washed overboard from sailboat, init"",$1.16"
Helen,Toxic effect of contact with sea anemone,$9.24
"Dame,""Maternal care for hydrops fetalis, first trimester, fetus 4"",$8.82"
"Winfred,""Sltr-haris Type II physeal fx lower end of r femur, sequela"",$2.45"
"Auberon,""Pneumonia due to oth infectious organisms, NEC"",$8.91"
"Emylee,""Puncture wound without foreign body, left hip, sequela"",$0.95"
Juliann,Sprain of coracohumeral (ligament),$4.86
"Dominic,""Poisoning by other psychodysleptics, intentional self-harm"",$7.92"
Felipa,Injury of radial nerve at forearm level,$1.84
Ludvig,Puncture wound without foreign body of left breast,$9.18
"Hershel,""Nondisp transverse fracture of shaft of right ulna, sequela"",$3.93"
"Sada,""Corrosion of second degree of left wrist, subs encntr"",$1.01"
"Niccolo,""Path fx in neopltc dis, unsp hand, subs for fx w nonunion"",$8.07"
"Jordan,""Familial chondrocalcinosis, hip"",$6.55"
"Hadria,""Displ subtrochnt fx l femr, 7thF"",$6.74"
"Elvin,""Ped on sktbrd inj pick-up truck, pk-up/van in traf, sequela"",$3.61"
"Marigold,""Activity, roller skating (inline) and skateboarding"",$9.44"
"Erina,""Other bursal cyst, left elbow"",$8.91"
"Camala,""Poisoning by oth drug/meds/biol subst, assault, subs"",$3.85"
"Nani,""Poisoning by vitamins, accidental (unintentional), subs"",$1.77"
"Arlen,""Other fracture of unspecified foot, 7thP"",$6.24"
"Dehlia,""Path fracture in neoplastic disease, right ankle, init"",$6.88"
"Dimitry,""Myositis ossificans traumatica, unspecified site"",$4.10"
"Rochella,""Corrosion of third degree of right elbow, sequela"",$8.74"
"Berkie,""Nondisp fx of olecran pro w intartic extn r ulna, 7thP"",$2.76"
"Brenda,""Other specified joint disorders, unspecified joint"",$7.28"
"Kerk,""War op involving fragments from munitions, milt, init"",$2.68"
"Camel,""Ped w convey injured in collision w hv veh nontraf, init"",$5.84"
"Gavan,""Dislocation of unsp interphaln joint of r mid finger, subs"",$9.19"
"Lynde,""Gastr contents in resp tract, part unsp cause asphyx, sqla"",$6.17"
"Addia,""Pnctr w foreign body of unsp finger w/o damage to nail, subs"",$2.34"
"Betteann,""Adverse effect of antacids and anti-gstrc-sec drugs, sequela"",$3.02"
Clem,Lymphoid interstitial pneumonia,$6.74
"Adelina,""Adverse effect of cardi-stim glycos/drug simlar act, subs"",$7.53"
Binnie,Displaced oblique fracture of shaft of unspecified radius,$3.00
"Dolly,""Poisoning by MAO inhib antidepressants, undetermined, subs"",$0.04"
"Ron,""Unspecified complication of procedure, sequela"",$6.67"
Philip,Fracture of neck of talus,$3.49
Kort,Mech compl of internal right hip prosthesis,$9.05
"Dorthy,""Subluxation of right scapula, subsequent encounter"",$6.15"
Hortensia,Corpus luteum cyst,$1.54
"Marna,""Matern care for oth or susp poor fetl grth, unsp tri, oth"",$3.10"
"Lem,""Nondisp fx of coronoid pro of l ulna, 7thB"",$4.16"
Farah,Mech compl of cardiac pulse generator (battery),$7.24
"Aylmer,""Open bite of r frnt wl of thorax w penet thor cavity, sqla"",$5.44"
"Desirae,""Toxic effect of lacrimogenic gas, undetermined, sequela"",$5.36"
"Isidoro,""Other cyst of bone, right ankle and foot"",$2.30"
"Cordie,""Other stimulant abuse with intoxication, uncomplicated"",$8.00"
Tibold,Elevated urine levels of drug/meds/biol subst,$7.65
"Jami,""Occ of anml-drn vehicle injured in clsn w pedl cyc, sequela"",$9.95"
"Anabal,""Mtrcy driver injured in clsn w nonmtr vehicle in traf, init"",$8.51"
"Rosemaria,""Contact with hay derrick, initial encounter"",$5.81"
"Demeter,""Sltr-haris Type I physl fx upper end radius, left arm, init"",$7.01"
"Lonnie,""Unsp fx shaft of r tibia, 7thN"",$1.59"
"Clemmie,""Pedl cyc driver inj pick-up truck, pk-up/van nontraf, subs"",$1.69"
"Jabez,""Sprain of interphalangeal joint of unsp great toe, init"",$8.26"
"Erma,""Juvenile arthritis, unspecified, unspecified hand"",$6.20"
"Bert,""Burn of first degree of back of unsp hand, init encntr"",$7.34"
"Brietta,""Disp fx of prox phalanx of finger, subs for fx w nonunion"",$4.39"
"Germain,""Toxic effect of contact w oth jellyfish, undetermined, init"",$0.78"
Perice,Maternal care for other abnormalities of cervix,$4.37
"Ashton,""Nondisp unsp condyle fx lower end of unsp femur, init"",$7.47"
Henrieta,Other disturbances of cerebral status of newborn,$1.27
Hammad,Oth unil secondary osteoarth of first carpometacarp joint,$0.34
"Theodor,""Other spondylosis, cervicothoracic region"",$6.74"
"Tibold,""Oth exposure to controlled fire, not in bldg, subs"",$4.76"
Dukie,Partial androgen insensitivity syndrome,$6.82
Bartholomeo,Subluxation of distal interphalangeal joint of right thumb,$0.04
"Sydel,""Pedl cyc driver injured in collision w oth mv nontraf, init"",$5.33"
"Abdel,""Disp fx of nk of 1st MC bone, unsp hand, 7thK"",$2.68"
"Linet,""Pathological fracture in other disease, right ankle, sequela"",$5.93"
"Ailbert,""Fx unsp phalanx of r idx fngr, subs for fx w delay heal"",$8.62"
"Humfried,""Nondisp oth fracture of tuberosity of r calcaneus, sequela"",$2.06"
"Garvin,""Abrasion, left thigh, sequela"",$5.68"
"Blancha,""Displaced dome fracture of right talus, init for clos fx"",$4.13"
"Wenda,""Exposure to X-rays, sequela"",$2.30"
Hadria,Fistula of gallbladder,$5.40
"Rafe,""Separation of muscle (nontraumatic), thigh"",$8.07"
"Antonin,""Puncture wound with foreign body, unspecified ankle"",$6.61"
Waldon,Other injury due to other accident on board merchant ship,$9.09
"Germaine,""Traumatic amp of part of thorax, except breast, subs"",$0.43"
"Thibaut,""Blister (nonthermal) of scalp, sequela"",$0.85"
"Raul,""Infection of nipple associated w pregnancy, first trimester"",$5.33"
Kathye,Harlequin fetus,$3.81
"Skell,""Nondisp fx of intermed cuneiform of r ft, 7thG"",$4.61"
"Jenica,""Poisoning by lysergide, accidental (unintentional), init"",$7.49"
"Caitlin,""Disp fx of distal phalanx of thmb, subs for fx w malunion"",$6.81"
"Jim,""Sextuplets, all liveborn"",$5.92"
"Gerri,""Corros third deg of shldr/up lmb, except wrs/hnd, unsp site"",$8.14"
"Herve,""Type 1 diab with diab mclr edema, resolved fol trtmt, unsp"",$8.50"
"Rhonda,""Other dislocation of unsp ulnohumeral joint, init encntr"",$3.54"
"Luce,""Burn second degree of single r finger except thumb, subs"",$1.12"
"Heath,""Poisoning by iminostilbenes, assault, initial encounter"",$2.46"
"Gard,""Placenta accreta, second trimester"",$6.33"
Abba,Burn of second degree of left forearm,$2.35
Catha,Abnormal histolog findings in specmn from dgstv org/abd cav,$5.12
Joannes,Traum hemor left cerebrum w LOC of unsp duration,$9.82
"Rudolfo,""Oth fx low end l femr, 7thJ"",$0.62"
"Maurine,""Complete traum amp at level betw unsp shldr and elbow, subs"",$1.78"
"Jewelle,""Displ seg fx shaft of unsp tibia, 7thE"",$7.55"
"Lockwood,""Unsp inj unsp blood vess at ank/ft level, right leg, sequela"",$4.64"
"Bobbi,""Implant cysts of iris, ciliary body or ant chamber, bi"",$4.94"
"Alwin,""Sltr-haris Type II physeal fx unspecified metatarsal, 7thP"",$1.29"
Toma,Chronic embolism and thrombosis of left femoral vein,$9.19
"Carleton,""Partial placenta previa NOS or without hemor, first tri"",$4.20"
"Roselle,""Sltr-haris Type II physl fx lower end humer, unsp arm, init"",$3.61"
"Jarrid,""Displaced unsp fracture of right great toe, init for clos fx"",$8.21"
"Sonja,""Disp fx of ant pro of l calcaneus, subs for fx w malunion"",$0.43"
"Shaylah,""Fall from moving wheelchair (powered), sequela"",$1.70"
Bennett,Strain of intrinsic musc/fasc/tend l idx fngr at wrs/hnd lv,$1.67
Rip,Adverse effect of ophthalmological drugs and preparations,$9.40
"Enos,""Oth fx upr end r ulna, 7thR"",$7.35"
"Julieta,""Path fx in oth disease, r foot, subs for fx w routn heal"",$5.60"
Faina,Nondisplaced comminuted fracture of shaft of unsp tibia,$5.03
"Jocelyne,""Torus fracture of upper end of unspecified humerus, sequela"",$8.27"
"Theo,""Other specified injuries of left lower leg, sequela"",$8.41"
Hank,Chronic drug-induced interstitial lung disorders,$5.31
Kendre,Strain of long flexor musc/fasc/tend r thm at wrs/hnd lv,$6.53
Nicole,Displacement of muscle and tendon graft,$0.48
"Stace,""Oth fracture of unsp patella, subs for clos fx w nonunion"",$7.05"
"Aleta,""Oth injuries of left shoulder and upper arm, sequela"",$5.27"
"Dewie,""Disp fx of greater trochanter of right femur, sequela"",$9.97"
"Mariya,""Osteonecrosis in diseases classd elswhr, ankle and foot"",$7.44"
Caesar,Clubbing of fingers,$6.04
"Ber,""Sltr-haris Type III physl fx low end rad, unsp arm, 7thP"",$1.29"
"Grayce,""Nondisp oblique fx shaft of r tibia, 7thF"",$4.73"
"Ree,""Acute myeloid leukemia w multilin dysplasia, in remission"",$7.48"
Rosetta,Sltr-haris Type III physeal fx lower end of left femur,$9.64
"Marget,""Disp fx of unsp radial styloid pro, 7thK"",$5.00"
Fons,Dislocation of jaw,$0.22
"Warden,""Disloc of unsp interphaln joint of r little finger, subs"",$3.24"
"Aliza,""Drug-induced chronic gout, left ankle and foot, w/o tophus"",$6.09"
"Ortensia,""Fatigue fracture of vertebra, cervical region, init for fx"",$9.32"
"Fredek,""Unsp open wound of l little finger w damage to nail, sequela"",$9.45"
"Teador,""Toxic effect of carbon monoxide from utility gas, assault"",$8.88"
"Parsifal,""Bicipital tendinitis, unspecified shoulder"",$5.65"
"Berrie,""Adverse effect of methylphenidate, subsequent encounter"",$4.53"
Dionne,Olecranon bursitis,$7.26
"Stephanus,""Puncture wound w/o foreign body of right elbow, subs encntr"",$7.47"
"Guido,""Unspecified dislocation of right wrist and hand, subs encntr"",$9.53"
Collin,Bandemia,$5.44
"Korrie,""Myositis, unspecified"",$0.27"
"Eleni,""Unspecified open-angle glaucoma, moderate stage"",$7.48"
"Bernelle,""Acute myringitis, unspecified ear"",$7.27"
Mitchel,Basal cell carcinoma of skin of lip,$2.37
"Berni,""Nondisp spiral fx shaft of r tibia, 7thJ"",$2.54"
"Letti,""Osteochondritis dissecans, r ankle and joints of right foot"",$0.19"
Jacintha,Nondisplaced fracture of medial phalanx of left ring finger,$1.84
"Louis,""Injury of other nerves at hip and thigh level, right leg"",$7.16"
Moria,Athscl nonbiol bypass of the right leg w ulceration of thigh,$4.30
"Ellwood,""Other specified item causing external constriction, sequela"",$0.04"
"Daune,""Salter-Harris Type I physeal fracture of r calcaneus, 7thP"",$1.07"
Germana,Other paraphilias,$6.22
"Ikey,""Nondisp fx of lateral malleolus of l fibula, 7thM"",$4.45"
"Arlena,""Ped on foot injured in collision w hv veh in traf, sequela"",$3.31"
"Thekla,""Fall from skateboard, subsequent encounter"",$4.45"
"Lionel,""Acute tonsillitis, unspecified"",$2.64"
"Maggie,""Other cyst of bone, unspecified thigh"",$9.27"
"Ina,""Displ avuls fx (chip fracture) of l talus, 7thP"",$7.20"
"Horst,""Poisoning by other viral vaccines, assault, sequela"",$9.18"
Dorice,Sedatv/hyp/anxiolytc depend w psychotic disorder w delusions,$7.24
"Elicia,""Displ longitud fx l patella, 7thF"",$6.83"
"Kellen,""Legal intervnt w unsp firearm disch, bystand injured, init"",$4.87"
Herculie,War operations involving explosion of depth-charge,$3.76
"Far,""Corros unsp deg mult sites of right lower limb, ex ank/ft"",$6.44"
"Renado,""Poisoning by inhaled anesthetics, undetermined"",$3.98"
"Devonna,""Spondylolysis, thoracic region"",$8.20"
"Felice,""Toxic effect of contact w unsp venomous animal, acc, init"",$2.38"
"Sophie,""Occupant of streetcar injured in unsp traffic accident, init"",$6.24"
"Darrel,""Toxic effect of gases, fumes and vapors, accidental, subs"",$0.28"
Nikolaus,Unsp school as the place of occurrence of the external cause,$5.23
Elbertina,Laceration of flexor musc/fasc/tend at forearm level,$0.53
Jolee,Person injured in collision between car and bus (traffic),$6.74
"Drucill,""Type II occipital condyle fracture, left side, 7thD"",$7.99"
"Alfy,""Nondisp associated transv/post fx left acetabulum, init"",$8.63"
"Andonis,""Oth injury of unsp blood vessel at lower leg level, unsp leg"",$2.56"
"Barton,""Other streptococcal arthritis, hand"",$0.36"
"Flemming,""Hypertrophy of bone, femur"",$6.33"
"Abigael,""Unsp inj msl/tnd lng flxr msl toe at ank/ft level, unsp foot"",$0.23"
"Ricard,""Complete traumatic amputation of shldr/up arm, level unsp"",$8.67"
"George,""Fracture of subcondylar process of left mandible, 7thG"",$0.56"
Mathilda,Malig neoplm of ovrlp sites of bone/artic cartl of left limb,$8.52
"Yetty,""Keratoconjunct sicca, not specified as Sjogren's, left eye"",$9.76"
"Uri,""Other instability, right foot"",$7.12"
"Shem,""Laceration w fb of abd wall, epigst rgn w penet perit cav"",$0.32"
"Miranda,""Local infection due to central venous catheter, sequela"",$8.04"
"Marigold,""Partial traumatic amputation of left midfoot, subs encntr"",$5.69"
Tina,Other superficial bite of fingers,$2.05
"Debbi,""Fracture of unsp part of scapula, unsp shoulder, sequela"",$8.00"
"Vernice,""Nondisp fx of prox phalanx of l less toe(s), 7thD"",$9.28"
Sherman,Septic pulmonary embolism with acute cor pulmonale,$5.31
"Lucina,""Keratoconus, unstable, right eye"",$6.94"
"Ravi,""Superficial frostbite of right finger(s), sequela"",$7.08"
"Abbey,""Oth extrartic fx low end r rad, 7thF"",$4.03"
"Verla,""Subluxation of T3/T4 thoracic vertebra, subsequent encounter"",$0.63"
"Madel,""Nondisp dome fracture of left talus, subs for fx w nonunion"",$2.16"
"Celesta,""Unspecified superficial injury of right forearm, init encntr"",$6.02"
"Marjy,""Displ spiral fx shaft of rad, l arm, 7thB"",$0.76"
"Rickard,""Complete transverse atyp femoral fracture, right leg, 7thK"",$8.58"
Oberon,Abrasion of left forearm,$7.12
Andie,Juvenile dermatopolymyositis with myopathy,$4.25
"Bond,""Sprain of interphalangeal joint of left lesser toe(s), init"",$6.71"
"Elisabeth,""Reiter's disease, ankle and foot"",$4.06"
"Stafani,""Unsp superficial injury of unspecified thigh, subs encntr"",$6.17"
"Nikolaus,""Labor and delivery comp by cord around neck, w/o compression"",$0.73"
"Fritz,""Inj unsp blood vessel at shldr/up arm, unsp arm, init"",$0.97"
"Marianne,""Anaphylactic reaction due to other serum, sequela"",$8.35"
"Christian,""Rheumatoid arthritis without rheumatoid factor, left hand"",$9.54"
"Joellen,""Unsp comp of cardiac and vascular prosth dev/grft, sequela"",$1.85"
Madelle,Other sprain of other finger,$4.33
"Minetta,""Nondisp fx of hook pro of hamate bone, l wrs, 7thD"",$9.74"
Reinhard,4-Aminophenol derivatives,$7.26
"Aida,""Fuchs' heterochromic cyclitis, bilateral"",$7.52"
"Eydie,""Ant disp fx of sternal end unsp clavicle, 7thK"",$8.31"
"Darb,""Corrosion of second degree of left toe(s) (nail), init"",$2.38"
"Lemmy,""Underdosing of antiparkns drug/centr musc-tone depr, sequela"",$8.63"
"Kellia,""Disp fx of lateral malleolus of l fibula, 7thM"",$8.31"
"Eloise,""Lacerat musc/tend ant grp at low leg level, unsp leg, subs"",$3.93"
"Rivkah,""Unsp injury at T7-T10 level of thoracic spinal cord, sequela"",$9.14"
"Ashil,""Pasngr in 3-whl mv inj in clsn w rail trn/veh in traf, subs"",$9.94"
"Karalynn,""Unstable burst fx T9-T10 vertebra, subs for fx w delay heal"",$8.27"
Shay,Blood donor,$7.22
Misty,Nephroptosis,$6.64
"Noelani,""Asphyx due to being trapped in a car trunk, accidental, subs"",$3.67"
Vale,Oth foreign object in oth prt resp tract causing asphyx,$1.84
"Raphaela,""Oth deforming dorsopathies, sacral and sacrococcygeal region"",$0.19"
Fanechka,Subluxation of distal end of left ulna,$5.05
Bartholomew,Open bite of back wall of thorax w penet thoracic cavity,$7.56
"Goddart,""Disp fx of shaft of first metacarpal bone, left hand"",$9.69"
Mylo,Unspecified physeal fracture of lower end of left tibia,$3.56
"Catherina,""Underdosing of other psychodysleptics, initial encounter"",$8.24"
"Katlin,""Diseases of the nervous sys comp pregnancy, third trimester"",$0.70"
Nerissa,Lambert-Eaton syndrome in neoplastic disease,$2.07
"Langston,""Oth foreign object in bronchus causing other injury, sequela"",$4.60"
"Garrik,""Carcinoma in situ of respiratory system, unspecified"",$8.88"
Loni,Scarring of conjunctiva,$4.96
Teodoor,Malig neoplasm of tonsillar pillar (anterior) (posterior),$5.94
Ruthann,Craniofacial dysostosis,$4.52
Pieter,Cocaine dependence with cocaine-induced psychotic disorder,$7.51
Pail,Congenital torsion of penis,$7.02
"Kare,""Poisoning by other antidepressants, undetermined"",$0.01"
Pryce,Ice skating rink (indoor) (outdoor) as place,$5.87
Layton,Chronic embolism and thrombosis of deep veins of low extrm,$4.29
Nichols,Corrosion of first degree of lower back,$3.29
"Cammy,""Unspecified disorder of synovium and tendon, right forearm"",$5.51"
"Kasey,""Corrosion of unspecified degree of right ankle, init encntr"",$1.45"
"Skip,""Partial traumatic amputation of penis, sequela"",$2.53"
"Ebeneser,""Mech compl of unsp internal joint prosthesis, subs encntr"",$4.96"
"Tallie,""Abnormal blood-pressure reading, without diagnosis"",$1.97"
"Cristal,""Glaucoma secondary to eye inflam, bilateral, severe stage"",$7.95"
"Thalia,""Disp fx of base of 2nd MC bone, r hand, 7thD"",$0.70"
"Si,""Unsp fracture of left patella, subs for clos fx w routn heal"",$2.04"
"Tim,""Subluxation of interphaln joint of left lesser toe(s), init"",$2.64"
"Constantia,""Terrorism w oth explosn and fragmt, terrorist injured, init"",$9.92"
Penn,Krabbe disease,$6.66
Katya,Congenital myopathies,$8.42
Georgianna,Partial traumatic amputation at level between knee and ankle,$2.27
"Vanny,""Asphyxiation due to cave-in or falling earth, sequela"",$3.52"
Xaviera,Halitosis,$7.35
"Brunhilde,""Strain of musc/fasc/tend at shldr/up arm, unsp arm, init"",$2.96"
"Arne,""Acute hematogenous osteomyelitis, right tibia and fibula"",$8.91"
"Faina,""Animl-ridr inj pk-up truck, pk-up truck, van, hv veh, sqla"",$2.21"
"Ozzie,""Blister (nonthermal), left lower leg"",$7.62"
"Ingaberg,""Occup of amblnc/fire eng injured nontraf, init"",$1.55"
"Wake,""Inj oth flexor musc/fasc/tend at forarm lv, right arm, sqla"",$0.81"
"Nissa,""Foreign body granuloma of soft tissue, NEC, right hand"",$9.76"
"Alikee,""Inj muscle, fascia and tendon of lower back, sequela"",$3.73"
"Gustavus,""Anterior cord syndrome at C3, init"",$0.02"
"Syd,""Hypertrophy of bone, unspecified humerus"",$9.75"
"Charlena,""Type II occipital condyle fracture, right side, 7thG"",$5.52"
"Jacky,""Abscess of tendon sheath, hand"",$7.01"
"Ike,""Oth fracture of unsp great toe, subs for fx w malunion"",$0.72"
"Vicky,""Pedl cyc passenger injured in clsn w ped/anml nontraf, subs"",$9.01"
"Travers,""Stress, not elsewhere classified"",$5.20"
"Elmore,""Unsp fracture of left foot, init encntr for closed fracture"",$6.41"
Jacquette,Prostatosis syndrome,$7.55
"Nanny,""Oth foreign object in bronchus causing oth injury, subs"",$8.98"
"Sallie,""Occ of anml-drn vehicle injured in clsn w 2/3-whl mv, subs"",$1.27"
Jeremy,Displaced fracture of proximal phalanx of left little finger,$1.36
Godiva,Hemiplga following cerebral infrc aff right dominant side,$4.57
"Trstram,""Athscl nonbiol bypass of the extrm w gangrene, unsp extrm"",$6.31"
"Batsheva,""Laceration with foreign body of right elbow, sequela"",$0.87"
"Trescha,""Salter-Harris Type II physeal fracture of r calcaneus, 7thB"",$4.18"
Val,Complications of other transplanted tissue,$1.26
"Darci,""Lead-induced chronic gout, vertebrae, without tophus (tophi)"",$6.87"
"Zacharie,""Spotted fever, unspecified"",$4.72"
"Gleda,""Corrosion of second degree of left forearm, init encntr"",$9.71"
"Freedman,""Leakage of cranial or spinal infusion catheter, subs"",$4.44"
Ivie,Chronic embolism and thrombosis of left tibial vein,$3.23
"Ludovico,""Toxic effect of zinc and its compounds, accidental, sequela"",$0.02"
Levy,Defects in the complement system,$6.56
"Brynne,""Subluxation of L2/L3 lumbar vertebra, sequela"",$5.86"
"Samuele,""Path fx in oth disease, l femur, subs for fx w delay heal"",$6.54"
Aloisia,Malignant neoplasm of overlapping sites of nasopharynx,$1.58
"Debee,""Other juvenile arthritis, right knee"",$2.24"
"Iosep,""Unsp trochan fx unsp femur, subs for clos fx w routn heal"",$6.28"
"Kalle,""Nondisp oblique fracture of shaft of left femur, sequela"",$9.05"
"Kermy,""Sphingolipidosis, unspecified"",$6.68"
Michaeline,Superficial frostbite of left finger(s),$1.12
Shandee,Acquired stenosis of right nasolacrimal duct,$9.48
Ches,Contusion of unspecified part of colon,$0.55
"Drusy,""Maternal care for (suspected) cnsl malform in fetus, oth"",$9.60"
Kassie,Injury of intrinsic msl/tnd at ankle and foot level,$9.76
"Kenn,""Other injuries of lung, unspecified, subsequent encounter"",$5.57"
"Garwood,""Benign neoplasm of pharynx, unspecified"",$0.10"
"Wakefield,""Dislocation of MTP joint of unsp lesser toe(s), subs"",$3.41"
"Wayne,""Toxic effect of coral snake venom, intentional self-harm"",$6.98"
Virge,Personal history of (corrected) congenital malformations,$7.89
"Meridith,""Car driver injured in collision w van nontraf, sequela"",$7.14"
Archibaldo,Pnctr w foreign body of l rng fngr w/o damage to nail,$4.76
"Danni,""Displ oth extrartic fx l calcaneus, subs for fx w malunion"",$5.37"
Aldin,Other specified noninfective gastroenteritis and colitis,$2.29
Aubree,Pnctr w foreign body of r rng fngr w/o damage to nail,$1.06
"Kala,""Inj unsp musc/fasc/tend at wrist and hand level, left hand"",$6.11"
Ronny,Pain in unspecified shoulder,$8.81
"Leonore,""Open bite of abd wall, r upper q w/o penet perit cav, subs"",$2.48"
"Jerrome,""Puncture wound without foreign body of unsp ear, sequela"",$6.16"
"Donia,""Crushing injury of right forearm, sequela"",$7.83"
"Yvon,""Athscl type of bypass of the extrm w intrmt claud, right leg"",$6.28"
"Karel,""Abscess of bursa, right shoulder"",$6.78"
Zolly,Postproc hematoma of an endo sys org fol other procedure,$3.76
"Bryan,""Lacerat msl/tnd lng flxr msl toe at ank/ft lev, l foot, sqla"",$6.44"
"Vicky,""Hemarthrosis, left shoulder"",$7.81"
Welby,Contact w and exposure to oth viral communicable diseases,$7.13
Alexia,New daily persistent headache (NDPH),$0.77
"Kaitlyn,""Other chronic osteomyelitis, unspecified tibia and fibula"",$9.07"
"Lisha,""Wear of artic bearing surface of int prosth l knee jt, subs"",$0.64"
Dex,Urethral fistula,$8.81
"Tabby,""Constant exophthalmos, bilateral"",$8.25"
"Clair,""Toxic effect of venom of African and Asian snake, acc"",$2.46"
"Orland,""Displ transverse fx shaft of r tibia, 7thH"",$5.51"
Joana,Furuncle left hand,$7.63
Any,Other birth injuries to scalp,$1.66
"Abel,""Pre-exist hyp heart disease comp pregnancy, third trimester"",$0.79"
Kerwinn,Basal cell carcinoma of skin of nose,$6.15
"Lorine,""Other premature separation of placenta, unsp trimester"",$2.63"
Sawyere,Cryptosporidiosis,$6.78
"Silvanus,""Impacted cerumen, left ear"",$4.29"
"Nathanael,""Pasngr in hv veh inj pk-up truck, pk-up/van nontraf, sequela"",$4.44"
"Scottie,""Toxic eff of venom of African and Asian snake, asslt, sqla"",$0.65"
"Cally,""Folds in Descemet's membrane, left eye"",$5.86"
"Hana,""Oth types of non-hodg lymph, nodes of ing rgn and lower limb"",$0.01"
Barris,Encysted hydrocele,$2.94
Ingelbert,Tuberculosis of eye,$1.48
Kerstin,Burn of unspecified degree of left scapular region,$0.13
"Xylia,""Disease of jaws, unspecified"",$9.94"
Lyssa,Occup of pk-up/van injured in nonclsn trnsp accident nontraf,$4.92
"Carroll,""Whole chromosome trisomy, nonmosaic (meiotic nondisjunction)"",$3.56"
Morgun,Progressive multifocal leukoencephalopathy,$7.37
"Colan,""War op w direct blast effect of nuclear weapon, milt, init"",$6.83"
"Artair,""Dislocation of r acromioclav jt, > 200% displacmnt, init"",$4.71"
"Sandra,""Displaced bicondylar fracture of left tibia, init"",$1.33"
"Ingelbert,""Oth injury due to oth accident to merchant ship, subs encntr"",$8.41"
Karena,Acquired absence of other parts of urinary tract,$7.73
"Aleece,""Gestatnl diabetes in preg, ctrl by oral hypoglycemic drugs"",$6.96"
"Marika,""Poisoning by oth synthetic narcotics, undetermined, subs"",$3.27"
"Rebekah,""Sprain of calcaneofibular ligament of right ankle, sequela"",$4.22"
"Birgitta,""Oth comp of fb acc left in body fol remov cath/pack, sequela"",$4.68"
"Brandon,""Mech compl of heart valve prosthesis, initial encounter"",$4.64"
Ola,Toxic effect of carbon monoxide from motor vehicle exhaust,$1.88
"Jonathon,""Disp fx of greater trochanter of unsp femr, 7thH"",$5.97"
"Heindrick,""Burn of first degree of right thigh, sequela"",$7.76"
"Collen,""Unspecified open wound of left shoulder, subs encntr"",$4.94"
Montague,Jumping or diving into swimming pool striking water surface,$7.15
"Cristine,""Contact with other heat and hot substances, init encntr"",$8.88"
Alika,Female infertility associated with anovulation,$9.27
"Joyce,""Nondisp associated transv/post fx left acetabulum, init"",$6.66"
"Kathlin,""Occup of dune buggy injured in traffic accident, init encntr"",$7.26"
"Pauly,""Disp fx of post wall of l acetab, subs for fx w delay heal"",$8.02"
"Mirabella,""Person on outside of sp off-rd mv injured nontraf, sequela"",$1.74"
"Teddy,""Unsp injury of blood vessel of left index finger, sequela"",$3.39"
Tatiana,Metabolic disorder following incomplete spontaneous abortion,$8.88
"Freddie,""Laceration without foreign body of unsp elbow, init encntr"",$6.86"
"Georgianna,""Multiple fx of pelvis w/o disrupt of pelvic ring, init"",$0.72"
"Maurizia,""Galeazzi's fx unsp radius, subs for clos fx w malunion"",$4.66"
Roslyn,Activities w oth sports & athletics played as a team or grp,$8.16
Inge,Autonomic dysreflexia,$6.69
"Oriana,""Unsp inj unsp blood vess at forarm lv, unsp arm, sequela"",$1.59"
"Abbie,""Pnctr w/o fb of r little finger w/o damage to nail, sequela"",$9.24"
"Ula,""Sltr-haris Type IV physl fx low end rad, l arm, 7thP"",$9.83"
"Jon,""Mtrcy driver injured in collision w unsp mv nontraf, init"",$8.60"
"Jamal,""Cellulitis of external ear, bilateral"",$2.39"
Riva,Sprain of unspecified part of unspecified wrist and hand,$5.42
"Henrieta,""Gout due to renal impairment, vertebrae"",$6.54"
"Andreana,""Perf due to fb acc left in body fol heart cath, sequela"",$1.59"
"Dewitt,""Unsp open wound of pharynx and cervical esophagus, init"",$8.31"
Erna,Kuru,$3.74
Rriocard,Contusion of other urinary and pelvic organ,$6.39
"Elsworth,""Disp fx of mid 3rd of navic bone of unsp wrs, 7thK"",$3.82"
"Reginald,""Oth fracture of left lesser toe(s), subs for fx w delay heal"",$5.47"
"Brant,""Corrosion of third degree of right axilla, sequela"",$6.06"
Ardene,Monoplg low lmb fol ntrm subarach hemor aff left dom side,$0.60
"Modesty,""Epileptic seiz rel to extrn causes, not ntrct, w stat epi"",$1.77"
"Cal,""Other contact with cat, initial encounter"",$1.02"
Waldemar,Embolism due to genitourinary prosth dev/grft,$5.49
Jamal,Athscl nonaut bio bypass of left leg w ulcer oth prt low leg,$6.67
Alon,Displaced fracture of distal phalanx of unspecified finger,$6.08
"Julietta,""Congenital malformations of musculoskeletal system, NEC"",$4.39"
"Waly,""Unsp open wound of left thumb w/o damage to nail, init"",$1.42"
"Kristien,""Pathological fracture in other disease, right radius"",$0.32"
"Glenna,""Poisn by androgens and anabolic congeners, assault, sequela"",$7.24"
"Abigail,""Suprvsn of preg w poor reprodctv or obstet history, unsp tri"",$5.19"
"Flynn,""Disp fx of prox phalanx of l thm, subs for fx w delay heal"",$0.10"
Phillida,Other and unspecified injuries of ankle and foot,$2.09
"Abbi,""Anterior dislocation of left radial head, initial encounter"",$1.25"
"Jerrine,""Bent bone of l ulna, 7thJ"",$6.60"
Bari,Other periodontal diseases,$0.11
"Janela,""Nondisp oblique fx shaft of unsp rad, 7thE"",$6.72"
"Gino,""Nondisp oblique fx shaft of unsp tibia, 7thB"",$4.61"
Kelila,Occup of amblnc/fire eng injured in nontraffic accident,$2.22
Bethanne,Venous complications and hemorrhoids in pregnancy,$8.52
"Wright,""Nondisp fx of dist phalanx of r thm, subs for fx w malunion"",$7.00"
Tabor,Sprain of unspecified ligament of left ankle,$7.22
"Farrel,""Toxic effect of unsp gases, fumes and vapors, acc, subs"",$3.45"
"Leone,""Nondisp fx of lateral condyle of l femr, 7thD"",$5.27"
"Samara,""Sltr-haris Type I physl fx low end l tibia, 7thK"",$2.68"
Bryn,Encounter for removal of internal fixation device,$7.32
"Junette,""Poisoning by rifampicins, undetermined, sequela"",$1.27"
"Deina,""Lesion of sciatic nerve, unspecified lower limb"",$2.57"
"Wendeline,""Laceration of unsp musc/fasc/tend at shldr/up arm, left arm"",$4.72"
"Konrad,""Contusion of heart with hemopericardium, initial encounter"",$4.72"
"Ethelda,""Inj superficial vein at shldr/up arm, left arm, init"",$6.92"
"Nolana,""Puncture wound with foreign body, right lower leg, sequela"",$6.89"
"David,""Diffuse otitis externa, right ear"",$0.62"
"Micky,""Poisoning by other psychotropic drugs, assault, init encntr"",$2.31"
"Odo,""Other specified arthritis, unspecified site"",$0.25"
"Nertie,""Path fracture, unsp finger(s), subs for fx w malunion"",$2.63"
Vin,Displaced fracture of base of neck of left femur,$9.22
Gil,Laceration with foreign body of left elbow,$0.02
Jayne,Subcorneal pustular dermatitis,$9.20
"Jarrid,""Laceration of deep palmar arch of left hand, subs encntr"",$0.16"
Suzy,Erb's paralysis due to birth injury,$9.04
"Paxton,""Palindromic rheumatism, right hand"",$3.95"
Owen,Auditory recruitment,$5.94
"Dorine,""Acquired deformities of toe(s), unspecified, right foot"",$7.16"
"Ailyn,""Laceration of muscle, fascia and tendon of pelvis, init"",$7.55"
"Pamella,""Pathological fracture, left foot, subs for fx w routn heal"",$5.69"
Cale,Puncture wound without foreign body of unspecified ear,$2.75
Abbie,Localized vascularization of cornea,$0.02
"Berne,""Other physeal fracture of lower end of right fibula, sequela"",$8.76"
"Terrye,""Unsp fb in esophagus causing compression of trachea, init"",$8.54"
"Giacomo,""Milt op w direct blast effect of nuclear weapon, milt, subs"",$4.26"
"Gizela,""Toxic effect of ingested berries, undetermined, subs encntr"",$5.48"
"Karlis,""Drowning and submersion due to fishing boat sinking, init"",$6.18"
Lesley,Abnormal coagulation profile,$1.87
Koralle,Wear of artic bearing surface of internal prosth r knee jt,$5.40
"Byrom,""Disp fx of lunate, right wrist, subs for fx w routn heal"",$7.29"
"Prentiss,""Medial epicondylitis, unspecified elbow"",$0.50"
"Hakeem,""Unsp comp of cardiac and vascular prosth dev/grft, subs"",$0.84"
"Glynis,""Unsp intcrn inj w LOC w death d/t brain inj bf consc, init"",$1.66"
"Esmaria,""Allergic dermatitis of right eye, unspecified eyelid"",$2.29"
"Carolyn,""Disp fx of med cuneiform of r foot, subs for fx w nonunion"",$1.58"
Etta,Other sequelae of other nontraumatic intracranial hemorrhage,$5.98
"Jermaine,""Burn 1st deg mult sites of right lower limb, ex ank/ft, sqla"",$6.68"
"Minette,""Other superficial bite of vagina and vulva, sequela"",$6.08"
"Mikey,""Hereditary hemolytic anemia, unspecified"",$2.25"
"Damita,""Prsn brd/alit pk-up/van injured in clsn w rail trn/veh, init"",$3.46"
"Zared,""Corros unsp degree of unsp mult fngr, not inc thumb, init"",$2.35"
"Ardith,""Pressure ulcer of left buttock, stage 2"",$3.58"
"Ardis,""Erythema multiforme, unspecified"",$9.32"
"Darice,""Oth fx shaft of unsp tibia, 7thH"",$8.23"
"Darsey,""Sprain of oth parts of unspecified knee, init encntr"",$3.50"
"Ragnar,""Laceration w fb of right great toe w/o damage to nail, init"",$3.48"
"Hatty,""Nondisp fx of epiphy (separation) (upper) of unsp femr, 7thQ"",$0.89"
"Jillane,""Burn of unspecified degree of scalp [any part], sequela"",$6.37"
"Micheil,""Nondisp commnt fx shaft of humer, r arm, 7thG"",$7.38"
"Timmie,""Sltr-haris Type IV physl fx low end humer, l arm, 7thG"",$3.48"
"Kara-lynn,""Corrosion of unsp degree of unspecified ankle, sequela"",$5.05"
Odetta,Monoplegia of lower limb affecting right nondominant side,$2.42
"Abby,""Partial traumatic amputation at knee level, r low leg, init"",$7.28"
"Sheffie,""Disp fx of medial cuneiform of right foot, init for clos fx"",$3.78"
"Papageno,""Nondisp transverse fx shaft of l rad, 7thF"",$2.67"
Gilbert,Other superficial bite of left thigh,$0.27
Norman,Insect bite (nonvenomous) of wrist,$3.63
"Averil,""Displ commnt fx shaft of unsp femr, 7thE"",$2.35"
"West,""Adverse effect of anticholinesterase agents, init encntr"",$7.65"
May,Partial traumatic amputation at level between knee and ankle,$6.70
Sherry,Struck by falling object on fishing boat,$8.53
"Abbott,""Impetigo, unspecified"",$1.51"
"Olag,""Legal intervention, means unsp, bystander injured, sequela"",$2.65"
Myrwyn,Cereb infrc d/t unsp occls or stenos of right ant cereb art,$8.80
"Svend,""Nondisp oblique fx shaft of r ulna, 7thP"",$2.84"
"Buiron,""Nondisp oblique fx shaft of r rad, 7thR"",$2.07"
Lil,Car passenger injured in collision w van in traffic accident,$1.34
Elladine,Postproc hemor of a GU sys org following other procedure,$3.85
"Sella,""Pathological fracture, left femur, init encntr for fracture"",$6.79"
Rudiger,Disp fx of proximal phalanx of right lesser toe(s),$1.75
"Perrine,""Inj msl/tnd lng flxr msl toe at ank/ft level, l foot, subs"",$4.40"
Harri,Congenital heart block,$1.99
"Crystie,""Corrosion of unspecified degree of left ear, sequela"",$1.04"
"Luise,""Oth nondisp fx of lower end r humer, subs for fx w nonunion"",$8.80"
"Winny,""Burn of unspecified degree of unspecified wrist, sequela"",$3.59"
"Sarene,""Stress fracture, unspecified ankle, init encntr for fracture"",$8.59"
"Constantin,""Unsp inj flexor musc/fasc/tend l idx fngr at forarm lv, init"",$4.38"
"Ty,""Strain flexor musc/fasc/tend at forarm lv, left arm, sequela"",$3.11"
"Kristyn,""Major lacerat femor vein at hip and thi lev, left leg, init"",$1.00"
Hunfredo,Partial traumatic amputation of scrotum and testis,$0.06
"Jakob,""Infect/inflm react d/t oth cardi/vasc dev/implnt/grft, init"",$8.18"
"Ange,""Terrorism w fire/hot subst, publ sfty offcl injured, sequela"",$6.24"
"Evita,""Unsp fx upr end l ulna, 7thJ"",$6.38"
Norma,Congenital stricture of urinary meatus,$0.77
"Laurianne,""Epidural hemor w LOC >24 hr w/o ret consc w surv, sequela"",$5.84"
"Calv,""Diabetes with mild nonp rtnop without macular edema, unsp"",$2.15"
"Harald,""Pseudopapilledema of optic disc, left eye"",$7.42"
"Yovonnda,""Disp fx of capitate bone, left wrist, subs for fx w malunion"",$1.05"
Carlie,Burn of third degree of left thigh,$6.47
"Alli,""Anterior dislocation of right radial head, initial encounter"",$5.44"
"Opal,""Unsp inj unsp msl/tnd at ank/ft level, left foot, sequela"",$2.06"
"Berri,""Cntct w oth power power hand tools and household mach, init"",$6.84"
"Tess,""Corrosion of unsp degree of right upper arm, subs encntr"",$2.07"
"Debera,""Scombroid fish poisoning, accidental (unintentional)"",$0.58"
"Waite,""Strain musc/tend ant grp at low leg level, unsp leg, init"",$5.45"
"Jarid,""Pathological fracture, left foot, subs for fx w routn heal"",$8.97"
"Stillmann,""Symblepharon, bilateral"",$4.72"
"Barbette,""Oth physeal fx upper end of humerus, left arm, sequela"",$6.35"
"Riki,""Toxic effect of beryllium and its compounds, undet, init"",$1.40"
"George,""Contracture, ankle and foot"",$5.94"
Fee,Polyosteoarthritis,$0.33
"Ebeneser,""Unsp car occ injured in clsn w pick-up truck nontraf, subs"",$9.62"
Gillan,Rheu arthrit of unsp shoulder w involv of organs and systems,$4.31
"Mano,""Burn of first deg mult right fingers (nail), inc thumb, init"",$7.97"
"Dyna,""Nondisp fx of greater trochanter of unsp femur, sequela"",$0.23"
"Daryl,""Displ transverse fx shaft of r fibula, 7thM"",$7.96"
"Sterne,""Disp fx of body of unsp calcaneus, subs for fx w nonunion"",$8.37"
Waiter,Dieulafoy lesion (hemorrhagic) of stomach and duodenum,$9.59
"Gussie,""Other infective bursitis, unspecified knee"",$8.01"
"Marybelle,""Contusion of eyeball and orbital tissues, left eye, sequela"",$1.91"
"Joey,""Laceration of unsp blood vessel at forarm lv, unsp arm, init"",$0.36"
"Caroljean,""Displaced spiral fracture of shaft of radius, left arm, init"",$9.37"
Adoree,Acquired absence of right ankle,$1.18
Sheila-kathryn,Puerperal septic thrombophlebitis,$5.31
"Alard,""Disp fx of med wall of left acetab, subs for fx w nonunion"",$5.32"
"Cristina,""Breakdown of implnt elec nstim of prph nrv lead, sequela"",$3.50"
"Waldon,""Poisoning by opium, assault, initial encounter"",$5.06"
"Fawn,""Brkdwn unsp cardiac and vascular devices and implnt, sequela"",$4.27"
"Emalee,""Disp fx of coronoid pro of unsp ulna, 7thN"",$3.97"
Marissa,Osseous stenosis of neural canal of sacral region,$4.13
"Jarret,""Fatigue fx vert, cervicothor rgn, subs for fx w routn heal"",$6.11"
Brand,Unspecified injury of right lower leg,$8.69
"Katharine,""Scombroid fish poisoning, intentional self-harm, init encntr"",$8.68"
"Sioux,""Posterior corneal pigmentations, bilateral"",$2.23"
Gaspar,Cytomegaloviral mononucleosis with polyneuropathy,$4.02
Danyette,Other specified necrotizing vasculopathies,$0.92
"Mychal,""Legal intervnt w oth sharp objects, law enforc offl injured"",$2.95"
"Eleonora,""Oth shellfish poisoning, intentional self-harm, init encntr"",$7.20"
"Marshal,""Person outsd pk-up/van inj in clsn w hv veh nontraf, sequela"",$0.44"
"Katherine,""Prsn brd/alit pedl cyc injured in clsn w rail trn/veh, subs"",$4.78"
"Lezley,""Nondisp commnt fx shaft of rad, unsp arm, 7thK"",$2.35"
"Wayland,""Toxic effect of cadmium and its compnd, self-harm, sequela"",$5.81"
"Chrysa,""Unsp injury of anterior tibial artery, right leg, sequela"",$0.10"
"Randene,""Nondisp transverse fx shaft of r ulna, 7thQ"",$6.68"
"Demetris,""Unsp inj unsp blood vess at hip and thi lev, unsp leg, subs"",$1.04"
Killie,Other secondary osteonecrosis of unspecified radius,$2.72
Sacha,Type 2 diabetes with stable prolif diabetic retinopathy,$3.67
Gussy,Underdosing of emetics,$0.35
"Lorri,""Unsp GU tract infection in pregnancy, unsp trimester"",$7.13"
"Shanan,""Brkdwn implanted electronic stimulator of nervous sys, init"",$9.95"
"Anthia,""Pregnancy related peripheral neuritis, third trimester"",$1.27"
"Gratia,""Disp fx of epiphy (separation) (upper) of r femr, 7thH"",$2.55"
"Erin,""Superficial foreign body of right upper arm, sequela"",$6.93"
"Abelard,""Sprain of other ligament of left ankle, sequela"",$9.60"
"Steve,""Unspecified open wound of unspecified ear, initial encounter"",$8.85"
"Kristi,""Lead-induced chronic gout, right hip, with tophus (tophi)"",$1.50"
"Molly,""Torus fx lower end of right tibia, subs for fx w malunion"",$9.44"
"Dion,""Disp fx of unsp radial styloid pro, 7thF"",$8.44"
"Morley,""Sexual abuse complicating pregnancy, third trimester"",$2.23"
"Amalita,""Hereditary nephropathy, NEC w unsp morphologic lesions"",$8.59"
"Tawsha,""Chronic active hepatitis, not elsewhere classified"",$3.39"
"Bili,""Migraine without aura, intractable"",$3.67"
"Carmela,""Drug/chem diab w prolif diab rtnop w trctn dtch macula, unsp"",$3.26"
"Ricca,""Nondisp apophyseal fx l femr, 7thH"",$0.64"
"Isac,""Persons encntr hlth serv for spec proc & trtmt, not crd out"",$0.46"
Gizela,Displaced fracture of proximal phalanx of left ring finger,$8.67
"Darryl,""Nondisp unsp fx unsp great toe, subs for fx w delay heal"",$1.72"
Merwin,Injury of radial nerve at wrist and hand level of right arm,$9.19
"Ariella,""Labor and del comp by oth cord entangle, w comprsn, fetus 5"",$8.96"
Rog,Superficial frostbite of right knee and lower leg,$1.65
"Ellie,""Crushing injury of left knee, initial encounter"",$9.93"
"Beverley,""Concussion and edema of lumbar spinal cord, subs encntr"",$6.98"
Martita,Family history of malignant neoplasm of urinary tract,$6.44
Chandra,Underdosing of iminostilbenes,$3.24
Neely,Frostbite with tissue necrosis of left foot,$3.00
"Ruthie,""Lymphoblastic lymphoma, nodes of ing region and lower limb"",$4.23"
"Quinlan,""Decreased fetal movements, unsp trimester, unsp"",$8.83"
"Mackenzie,""Lac w/o fb of r bk wl of thorax w/o penet thor cavity, init"",$6.29"
"Agnesse,""Laceration w/o fb of left cheek and TMJ area, sequela"",$8.99"
Athene,Other mechanical strabismus,$1.94
"Marietta,""Mech compl of intraperitoneal dialysis catheter, subs encntr"",$2.35"
"Burg,""Path fx in neopltc disease, r tibia, subs for fx w malunion"",$0.69"
"Hester,""Contact with needle (sewing), initial encounter"",$7.37"
